member,data_stage,temperature_c,protocol,protocol_role,cell_id,extension,size_bytes,size_human
A Dataset for Large Prismatic Lithium-Ion Battery Cells (CALB L148N58A) Comprehensive Characterization and Real-World Driving Cycles/CALB L148N58A testing campaign/Processed Data/Temperature_10C/C20_Charge/60644.mat,Processed Data,10,C20_Charge,low-rate charge characterization,60644,.mat,1048991,1.0 MB
A Dataset for Large Prismatic Lithium-Ion Battery Cells (CALB L148N58A) Comprehensive Characterization and Real-World Driving Cycles/CALB L148N58A testing campaign/Processed Data/Temperature_10C/C20_Charge/60031.mat,Processed Data,10,C20_Charge,low-rate charge characterization,60031,.mat,1109321,1.1 MB
A Dataset for Large Prismatic Lithium-Ion Battery Cells (CALB L148N58A) Comprehensive Characterization and Real-World Driving Cycles/CALB L148N58A testing campaign/Processed Data/Temperature_10C/C20_Charge/59294.mat,Processed Data,10,C20_Charge,low-rate charge characterization,59294,.mat,1107831,1.1 MB
A Dataset for Large Prismatic Lithium-Ion Battery Cells (CALB L148N58A) Comprehensive Characterization and Real-World Driving Cycles/CALB L148N58A testing campaign/Processed Data/Temperature_10C/C20_Charge/60403.mat,Processed Data,10,C20_Charge,low-rate charge characterization,60403,.mat,1086987,1.0 MB
A Dataset for Large Prismatic Lithium-Ion Battery Cells (CALB L148N58A) Comprehensive Characterization and Real-World Driving Cycles/CALB L148N58A testing campaign/Processed Data/Temperature_10C/C20_Charge/59690.mat,Processed Data,10,C20_Charge,low-rate charge characterization,59690,.mat,1099275,1.0 MB
A Dataset for Large Prismatic Lithium-Ion Battery Cells (CALB L148N58A) Comprehensive Characterization and Real-World Driving Cycles/CALB L148N58A testing campaign/Processed Data/Temperature_10C/C20_Charge/59627.mat,Processed Data,10,C20_Charge,low-rate charge characterization,59627,.mat,1122274,1.1 MB
A Dataset for Large Prismatic Lithium-Ion Battery Cells (CALB L148N58A) Comprehensive Characterization and Real-World Driving Cycles/CALB L148N58A testing campaign/Processed Data/Temperature_10C/C20_Charge/60195.mat,Processed Data,10,C20_Charge,low-rate charge characterization,60195,.mat,1107662,1.1 MB
A Dataset for Large Prismatic Lithium-Ion Battery Cells (CALB L148N58A) Comprehensive Characterization and Real-World Driving Cycles/CALB L148N58A testing campaign/Processed Data/Temperature_10C/C20_Charge/59485.mat,Processed Data,10,C20_Charge,low-rate charge characterization,59485,.mat,1109698,1.1 MB
A Dataset for Large Prismatic Lithium-Ion Battery Cells (CALB L148N58A) Comprehensive Characterization and Real-World Driving Cycles/CALB L148N58A testing campaign/Processed Data/Temperature_10C/C20_Charge/59861.mat,Processed Data,10,C20_Charge,low-rate charge characterization,59861,.mat,1105864,1.1 MB
A Dataset for Large Prismatic Lithium-Ion Battery Cells (CALB L148N58A) Comprehensive Characterization and Real-World Driving Cycles/CALB L148N58A testing campaign/Processed Data/Temperature_10C/C20_Charge/60129.mat,Processed Data,10,C20_Charge,low-rate charge characterization,60129,.mat,1128576,1.1 MB
A Dataset for Large Prismatic Lithium-Ion Battery Cells (CALB L148N58A) Comprehensive Characterization and Real-World Driving Cycles/CALB L148N58A testing campaign/Processed Data/Temperature_10C/C20_Charge/60710.mat,Processed Data,10,C20_Charge,low-rate charge characterization,60710,.mat,1091557,1.0 MB
A Dataset for Large Prismatic Lithium-Ion Battery Cells (CALB L148N58A) Comprehensive Characterization and Real-World Driving Cycles/CALB L148N58A testing campaign/Processed Data/Temperature_10C/C20_Discharge/59294.mat,Processed Data,10,C20_Discharge,low-rate discharge characterization,59294,.mat,1077301,1.0 MB
A Dataset for Large Prismatic Lithium-Ion Battery Cells (CALB L148N58A) Comprehensive Characterization and Real-World Driving Cycles/CALB L148N58A testing campaign/Processed Data/Temperature_10C/C20_Discharge/59485.mat,Processed Data,10,C20_Discharge,low-rate discharge characterization,59485,.mat,1081865,1.0 MB
A Dataset for Large Prismatic Lithium-Ion Battery Cells (CALB L148N58A) Comprehensive Characterization and Real-World Driving Cycles/CALB L148N58A testing campaign/Processed Data/Temperature_10C/C20_Discharge/59627.mat,Processed Data,10,C20_Discharge,low-rate discharge characterization,59627,.mat,1095015,1.0 MB
A Dataset for Large Prismatic Lithium-Ion Battery Cells (CALB L148N58A) Comprehensive Characterization and Real-World Driving Cycles/CALB L148N58A testing campaign/Processed Data/Temperature_10C/C20_Discharge/59690.mat,Processed Data,10,C20_Discharge,low-rate discharge characterization,59690,.mat,1079550,1.0 MB
A Dataset for Large Prismatic Lithium-Ion Battery Cells (CALB L148N58A) Comprehensive Characterization and Real-World Driving Cycles/CALB L148N58A testing campaign/Processed Data/Temperature_10C/C20_Discharge/59861.mat,Processed Data,10,C20_Discharge,low-rate discharge characterization,59861,.mat,1081620,1.0 MB
A Dataset for Large Prismatic Lithium-Ion Battery Cells (CALB L148N58A) Comprehensive Characterization and Real-World Driving Cycles/CALB L148N58A testing campaign/Processed Data/Temperature_10C/C20_Discharge/60195.mat,Processed Data,10,C20_Discharge,low-rate discharge characterization,60195,.mat,1082848,1.0 MB
A Dataset for Large Prismatic Lithium-Ion Battery Cells (CALB L148N58A) Comprehensive Characterization and Real-World Driving Cycles/CALB L148N58A testing campaign/Processed Data/Temperature_10C/C20_Discharge/60031.mat,Processed Data,10,C20_Discharge,low-rate discharge characterization,60031,.mat,1103640,1.1 MB
A Dataset for Large Prismatic Lithium-Ion Battery Cells (CALB L148N58A) Comprehensive Characterization and Real-World Driving Cycles/CALB L148N58A testing campaign/Processed Data/Temperature_10C/C20_Discharge/60129.mat,Processed Data,10,C20_Discharge,low-rate discharge characterization,60129,.mat,1109159,1.1 MB
A Dataset for Large Prismatic Lithium-Ion Battery Cells (CALB L148N58A) Comprehensive Characterization and Real-World Driving Cycles/CALB L148N58A testing campaign/Processed Data/Temperature_10C/C20_Discharge/60403.mat,Processed Data,10,C20_Discharge,low-rate discharge characterization,60403,.mat,1082745,1.0 MB
A Dataset for Large Prismatic Lithium-Ion Battery Cells (CALB L148N58A) Comprehensive Characterization and Real-World Driving Cycles/CALB L148N58A testing campaign/Processed Data/Temperature_10C/C20_Discharge/60644.mat,Processed Data,10,C20_Discharge,low-rate discharge characterization,60644,.mat,1067888,1.0 MB
A Dataset for Large Prismatic Lithium-Ion Battery Cells (CALB L148N58A) Comprehensive Characterization and Real-World Driving Cycles/CALB L148N58A testing campaign/Processed Data/Temperature_10C/C20_Discharge/60710.mat,Processed Data,10,C20_Discharge,low-rate discharge characterization,60710,.mat,1085677,1.0 MB
A Dataset for Large Prismatic Lithium-Ion Battery Cells (CALB L148N58A) Comprehensive Characterization and Real-World Driving Cycles/CALB L148N58A testing campaign/Processed Data/Temperature_10C/DV_UDDS/59294.mat,Processed Data,10,DV_UDDS,variable-current drive-cycle discharge,59294,.mat,4223461,4.0 MB
A Dataset for Large Prismatic Lithium-Ion Battery Cells (CALB L148N58A) Comprehensive Characterization and Real-World Driving Cycles/CALB L148N58A testing campaign/Processed Data/Temperature_10C/DV_UDDS/59485.mat,Processed Data,10,DV_UDDS,variable-current drive-cycle discharge,59485,.mat,4221679,4.0 MB
A Dataset for Large Prismatic Lithium-Ion Battery Cells (CALB L148N58A) Comprehensive Characterization and Real-World Driving Cycles/CALB L148N58A testing campaign/Processed Data/Temperature_10C/DV_UDDS/59627.mat,Processed Data,10,DV_UDDS,variable-current drive-cycle discharge,59627,.mat,4169734,4.0 MB
A Dataset for Large Prismatic Lithium-Ion Battery Cells (CALB L148N58A) Comprehensive Characterization and Real-World Driving Cycles/CALB L148N58A testing campaign/Processed Data/Temperature_10C/DV_UDDS/60031.mat,Processed Data,10,DV_UDDS,variable-current drive-cycle discharge,60031,.mat,4187865,4.0 MB
A Dataset for Large Prismatic Lithium-Ion Battery Cells (CALB L148N58A) Comprehensive Characterization and Real-World Driving Cycles/CALB L148N58A testing campaign/Processed Data/Temperature_10C/DV_UDDS/59690.mat,Processed Data,10,DV_UDDS,variable-current drive-cycle discharge,59690,.mat,4234775,4.0 MB
A Dataset for Large Prismatic Lithium-Ion Battery Cells (CALB L148N58A) Comprehensive Characterization and Real-World Driving Cycles/CALB L148N58A testing campaign/Processed Data/Temperature_10C/DV_UDDS/60129.mat,Processed Data,10,DV_UDDS,variable-current drive-cycle discharge,60129,.mat,4175813,4.0 MB
A Dataset for Large Prismatic Lithium-Ion Battery Cells (CALB L148N58A) Comprehensive Characterization and Real-World Driving Cycles/CALB L148N58A testing campaign/Processed Data/Temperature_10C/DV_UDDS/60195.mat,Processed Data,10,DV_UDDS,variable-current drive-cycle discharge,60195,.mat,4212233,4.0 MB
A Dataset for Large Prismatic Lithium-Ion Battery Cells (CALB L148N58A) Comprehensive Characterization and Real-World Driving Cycles/CALB L148N58A testing campaign/Processed Data/Temperature_10C/DV_UDDS/59861.mat,Processed Data,10,DV_UDDS,variable-current drive-cycle discharge,59861,.mat,4216678,4.0 MB
A Dataset for Large Prismatic Lithium-Ion Battery Cells (CALB L148N58A) Comprehensive Characterization and Real-World Driving Cycles/CALB L148N58A testing campaign/Processed Data/Temperature_10C/DV_UDDS/60403.mat,Processed Data,10,DV_UDDS,variable-current drive-cycle discharge,60403,.mat,4196618,4.0 MB
A Dataset for Large Prismatic Lithium-Ion Battery Cells (CALB L148N58A) Comprehensive Characterization and Real-World Driving Cycles/CALB L148N58A testing campaign/Processed Data/Temperature_10C/DV_UDDS/60644.mat,Processed Data,10,DV_UDDS,variable-current drive-cycle discharge,60644,.mat,4213082,4.0 MB
A Dataset for Large Prismatic Lithium-Ion Battery Cells (CALB L148N58A) Comprehensive Characterization and Real-World Driving Cycles/CALB L148N58A testing campaign/Processed Data/Temperature_10C/DV_UDDS/60710.mat,Processed Data,10,DV_UDDS,variable-current drive-cycle discharge,60710,.mat,4177064,4.0 MB
A Dataset for Large Prismatic Lithium-Ion Battery Cells (CALB L148N58A) Comprehensive Characterization and Real-World Driving Cycles/CALB L148N58A testing campaign/Processed Data/Temperature_10C/DV_US06/59294.mat,Processed Data,10,DV_US06,variable-current drive-cycle discharge,59294,.mat,1984853,1.9 MB
A Dataset for Large Prismatic Lithium-Ion Battery Cells (CALB L148N58A) Comprehensive Characterization and Real-World Driving Cycles/CALB L148N58A testing campaign/Processed Data/Temperature_10C/DV_US06/59627.mat,Processed Data,10,DV_US06,variable-current drive-cycle discharge,59627,.mat,1963093,1.9 MB
A Dataset for Large Prismatic Lithium-Ion Battery Cells (CALB L148N58A) Comprehensive Characterization and Real-World Driving Cycles/CALB L148N58A testing campaign/Processed Data/Temperature_10C/DV_US06/59485.mat,Processed Data,10,DV_US06,variable-current drive-cycle discharge,59485,.mat,1984285,1.9 MB
A Dataset for Large Prismatic Lithium-Ion Battery Cells (CALB L148N58A) Comprehensive Characterization and Real-World Driving Cycles/CALB L148N58A testing campaign/Processed Data/Temperature_10C/DV_US06/60031.mat,Processed Data,10,DV_US06,variable-current drive-cycle discharge,60031,.mat,1960500,1.9 MB
A Dataset for Large Prismatic Lithium-Ion Battery Cells (CALB L148N58A) Comprehensive Characterization and Real-World Driving Cycles/CALB L148N58A testing campaign/Processed Data/Temperature_10C/DV_US06/59690.mat,Processed Data,10,DV_US06,variable-current drive-cycle discharge,59690,.mat,1987431,1.9 MB
A Dataset for Large Prismatic Lithium-Ion Battery Cells (CALB L148N58A) Comprehensive Characterization and Real-World Driving Cycles/CALB L148N58A testing campaign/Processed Data/Temperature_10C/DV_US06/59861.mat,Processed Data,10,DV_US06,variable-current drive-cycle discharge,59861,.mat,1987802,1.9 MB
A Dataset for Large Prismatic Lithium-Ion Battery Cells (CALB L148N58A) Comprehensive Characterization and Real-World Driving Cycles/CALB L148N58A testing campaign/Processed Data/Temperature_10C/DV_US06/60403.mat,Processed Data,10,DV_US06,variable-current drive-cycle discharge,60403,.mat,1860371,1.8 MB
A Dataset for Large Prismatic Lithium-Ion Battery Cells (CALB L148N58A) Comprehensive Characterization and Real-World Driving Cycles/CALB L148N58A testing campaign/Processed Data/Temperature_10C/DV_US06/60129.mat,Processed Data,10,DV_US06,variable-current drive-cycle discharge,60129,.mat,1964946,1.9 MB
A Dataset for Large Prismatic Lithium-Ion Battery Cells (CALB L148N58A) Comprehensive Characterization and Real-World Driving Cycles/CALB L148N58A testing campaign/Processed Data/Temperature_10C/DV_US06/60195.mat,Processed Data,10,DV_US06,variable-current drive-cycle discharge,60195,.mat,1993477,1.9 MB
A Dataset for Large Prismatic Lithium-Ion Battery Cells (CALB L148N58A) Comprehensive Characterization and Real-World Driving Cycles/CALB L148N58A testing campaign/Processed Data/Temperature_10C/DV_US06/60644.mat,Processed Data,10,DV_US06,variable-current drive-cycle discharge,60644,.mat,1875296,1.8 MB
A Dataset for Large Prismatic Lithium-Ion Battery Cells (CALB L148N58A) Comprehensive Characterization and Real-World Driving Cycles/CALB L148N58A testing campaign/Processed Data/Temperature_10C/DV_US06/60710.mat,Processed Data,10,DV_US06,variable-current drive-cycle discharge,60710,.mat,1856674,1.8 MB
A Dataset for Large Prismatic Lithium-Ion Battery Cells (CALB L148N58A) Comprehensive Characterization and Real-World Driving Cycles/CALB L148N58A testing campaign/Processed Data/Temperature_10C/DV_WLTP/59294.mat,Processed Data,10,DV_WLTP,variable-current drive-cycle discharge,59294,.mat,3881217,3.7 MB
A Dataset for Large Prismatic Lithium-Ion Battery Cells (CALB L148N58A) Comprehensive Characterization and Real-World Driving Cycles/CALB L148N58A testing campaign/Processed Data/Temperature_10C/DV_WLTP/59485.mat,Processed Data,10,DV_WLTP,variable-current drive-cycle discharge,59485,.mat,3876720,3.7 MB
A Dataset for Large Prismatic Lithium-Ion Battery Cells (CALB L148N58A) Comprehensive Characterization and Real-World Driving Cycles/CALB L148N58A testing campaign/Processed Data/Temperature_10C/DV_WLTP/59627.mat,Processed Data,10,DV_WLTP,variable-current drive-cycle discharge,59627,.mat,3828604,3.7 MB
A Dataset for Large Prismatic Lithium-Ion Battery Cells (CALB L148N58A) Comprehensive Characterization and Real-World Driving Cycles/CALB L148N58A testing campaign/Processed Data/Temperature_10C/DV_WLTP/60031.mat,Processed Data,10,DV_WLTP,variable-current drive-cycle discharge,60031,.mat,3846933,3.7 MB
A Dataset for Large Prismatic Lithium-Ion Battery Cells (CALB L148N58A) Comprehensive Characterization and Real-World Driving Cycles/CALB L148N58A testing campaign/Processed Data/Temperature_10C/DV_WLTP/59861.mat,Processed Data,10,DV_WLTP,variable-current drive-cycle discharge,59861,.mat,3872954,3.7 MB
A Dataset for Large Prismatic Lithium-Ion Battery Cells (CALB L148N58A) Comprehensive Characterization and Real-World Driving Cycles/CALB L148N58A testing campaign/Processed Data/Temperature_10C/DV_WLTP/59690.mat,Processed Data,10,DV_WLTP,variable-current drive-cycle discharge,59690,.mat,3885510,3.7 MB
A Dataset for Large Prismatic Lithium-Ion Battery Cells (CALB L148N58A) Comprehensive Characterization and Real-World Driving Cycles/CALB L148N58A testing campaign/Processed Data/Temperature_10C/DV_WLTP/60129.mat,Processed Data,10,DV_WLTP,variable-current drive-cycle discharge,60129,.mat,3831674,3.7 MB
A Dataset for Large Prismatic Lithium-Ion Battery Cells (CALB L148N58A) Comprehensive Characterization and Real-World Driving Cycles/CALB L148N58A testing campaign/Processed Data/Temperature_10C/DV_WLTP/60195.mat,Processed Data,10,DV_WLTP,variable-current drive-cycle discharge,60195,.mat,3859494,3.7 MB
A Dataset for Large Prismatic Lithium-Ion Battery Cells (CALB L148N58A) Comprehensive Characterization and Real-World Driving Cycles/CALB L148N58A testing campaign/Processed Data/Temperature_10C/DV_WLTP/60403.mat,Processed Data,10,DV_WLTP,variable-current drive-cycle discharge,60403,.mat,3835732,3.7 MB
A Dataset for Large Prismatic Lithium-Ion Battery Cells (CALB L148N58A) Comprehensive Characterization and Real-World Driving Cycles/CALB L148N58A testing campaign/Processed Data/Temperature_10C/DV_WLTP/60644.mat,Processed Data,10,DV_WLTP,variable-current drive-cycle discharge,60644,.mat,3872471,3.7 MB
A Dataset for Large Prismatic Lithium-Ion Battery Cells (CALB L148N58A) Comprehensive Characterization and Real-World Driving Cycles/CALB L148N58A testing campaign/Processed Data/Temperature_10C/DV_WLTP/60710.mat,Processed Data,10,DV_WLTP,variable-current drive-cycle discharge,60710,.mat,3841577,3.7 MB
A Dataset for Large Prismatic Lithium-Ion Battery Cells (CALB L148N58A) Comprehensive Characterization and Real-World Driving Cycles/CALB L148N58A testing campaign/Processed Data/Temperature_10C/EIS_test/59294.mat,Processed Data,10,EIS_test,measured impedance target,59294,.mat,4301,4.2 KB
A Dataset for Large Prismatic Lithium-Ion Battery Cells (CALB L148N58A) Comprehensive Characterization and Real-World Driving Cycles/CALB L148N58A testing campaign/Processed Data/Temperature_10C/EIS_test/59485.mat,Processed Data,10,EIS_test,measured impedance target,59485,.mat,4283,4.2 KB
A Dataset for Large Prismatic Lithium-Ion Battery Cells (CALB L148N58A) Comprehensive Characterization and Real-World Driving Cycles/CALB L148N58A testing campaign/Processed Data/Temperature_10C/EIS_test/59627.mat,Processed Data,10,EIS_test,measured impedance target,59627,.mat,4293,4.2 KB
A Dataset for Large Prismatic Lithium-Ion Battery Cells (CALB L148N58A) Comprehensive Characterization and Real-World Driving Cycles/CALB L148N58A testing campaign/Processed Data/Temperature_10C/EIS_test/59690.mat,Processed Data,10,EIS_test,measured impedance target,59690,.mat,4304,4.2 KB
A Dataset for Large Prismatic Lithium-Ion Battery Cells (CALB L148N58A) Comprehensive Characterization and Real-World Driving Cycles/CALB L148N58A testing campaign/Processed Data/Temperature_10C/EIS_test/59861.mat,Processed Data,10,EIS_test,measured impedance target,59861,.mat,4275,4.2 KB
A Dataset for Large Prismatic Lithium-Ion Battery Cells (CALB L148N58A) Comprehensive Characterization and Real-World Driving Cycles/CALB L148N58A testing campaign/Processed Data/Temperature_10C/EIS_test/60031.mat,Processed Data,10,EIS_test,measured impedance target,60031,.mat,4322,4.2 KB
A Dataset for Large Prismatic Lithium-Ion Battery Cells (CALB L148N58A) Comprehensive Characterization and Real-World Driving Cycles/CALB L148N58A testing campaign/Processed Data/Temperature_10C/EIS_test/60129.mat,Processed Data,10,EIS_test,measured impedance target,60129,.mat,4296,4.2 KB
A Dataset for Large Prismatic Lithium-Ion Battery Cells (CALB L148N58A) Comprehensive Characterization and Real-World Driving Cycles/CALB L148N58A testing campaign/Processed Data/Temperature_10C/EIS_test/60195.mat,Processed Data,10,EIS_test,measured impedance target,60195,.mat,4314,4.2 KB
A Dataset for Large Prismatic Lithium-Ion Battery Cells (CALB L148N58A) Comprehensive Characterization and Real-World Driving Cycles/CALB L148N58A testing campaign/Processed Data/Temperature_10C/EIS_test/60403.mat,Processed Data,10,EIS_test,measured impedance target,60403,.mat,3345,3.3 KB
A Dataset for Large Prismatic Lithium-Ion Battery Cells (CALB L148N58A) Comprehensive Characterization and Real-World Driving Cycles/CALB L148N58A testing campaign/Processed Data/Temperature_10C/EIS_test/60644.mat,Processed Data,10,EIS_test,measured impedance target,60644,.mat,3349,3.3 KB
A Dataset for Large Prismatic Lithium-Ion Battery Cells (CALB L148N58A) Comprehensive Characterization and Real-World Driving Cycles/CALB L148N58A testing campaign/Processed Data/Temperature_10C/EIS_test/60710.mat,Processed Data,10,EIS_test,measured impedance target,60710,.mat,3353,3.3 KB
A Dataset for Large Prismatic Lithium-Ion Battery Cells (CALB L148N58A) Comprehensive Characterization and Real-World Driving Cycles/CALB L148N58A testing campaign/Processed Data/Temperature_10C/HPPC_1C/59294.mat,Processed Data,10,HPPC_1C,RPT-like pulse characterization,59294,.mat,1677879,1.6 MB
A Dataset for Large Prismatic Lithium-Ion Battery Cells (CALB L148N58A) Comprehensive Characterization and Real-World Driving Cycles/CALB L148N58A testing campaign/Processed Data/Temperature_10C/HPPC_1C/59485.mat,Processed Data,10,HPPC_1C,RPT-like pulse characterization,59485,.mat,1682516,1.6 MB
A Dataset for Large Prismatic Lithium-Ion Battery Cells (CALB L148N58A) Comprehensive Characterization and Real-World Driving Cycles/CALB L148N58A testing campaign/Processed Data/Temperature_10C/HPPC_1C/59627.mat,Processed Data,10,HPPC_1C,RPT-like pulse characterization,59627,.mat,1628556,1.6 MB
A Dataset for Large Prismatic Lithium-Ion Battery Cells (CALB L148N58A) Comprehensive Characterization and Real-World Driving Cycles/CALB L148N58A testing campaign/Processed Data/Temperature_10C/HPPC_1C/60031.mat,Processed Data,10,HPPC_1C,RPT-like pulse characterization,60031,.mat,1634798,1.6 MB
A Dataset for Large Prismatic Lithium-Ion Battery Cells (CALB L148N58A) Comprehensive Characterization and Real-World Driving Cycles/CALB L148N58A testing campaign/Processed Data/Temperature_10C/HPPC_1C/59861.mat,Processed Data,10,HPPC_1C,RPT-like pulse characterization,59861,.mat,1662241,1.6 MB
A Dataset for Large Prismatic Lithium-Ion Battery Cells (CALB L148N58A) Comprehensive Characterization and Real-World Driving Cycles/CALB L148N58A testing campaign/Processed Data/Temperature_10C/HPPC_1C/59690.mat,Processed Data,10,HPPC_1C,RPT-like pulse characterization,59690,.mat,1674754,1.6 MB
A Dataset for Large Prismatic Lithium-Ion Battery Cells (CALB L148N58A) Comprehensive Characterization and Real-World Driving Cycles/CALB L148N58A testing campaign/Processed Data/Temperature_10C/HPPC_1C/60129.mat,Processed Data,10,HPPC_1C,RPT-like pulse characterization,60129,.mat,1634137,1.6 MB
A Dataset for Large Prismatic Lithium-Ion Battery Cells (CALB L148N58A) Comprehensive Characterization and Real-World Driving Cycles/CALB L148N58A testing campaign/Processed Data/Temperature_10C/HPPC_1C/60644.mat,Processed Data,10,HPPC_1C,RPT-like pulse characterization,60644,.mat,1643440,1.6 MB
A Dataset for Large Prismatic Lithium-Ion Battery Cells (CALB L148N58A) Comprehensive Characterization and Real-World Driving Cycles/CALB L148N58A testing campaign/Processed Data/Temperature_10C/HPPC_1C/60403.mat,Processed Data,10,HPPC_1C,RPT-like pulse characterization,60403,.mat,1637887,1.6 MB
A Dataset for Large Prismatic Lithium-Ion Battery Cells (CALB L148N58A) Comprehensive Characterization and Real-World Driving Cycles/CALB L148N58A testing campaign/Processed Data/Temperature_10C/HPPC_1C/60195.mat,Processed Data,10,HPPC_1C,RPT-like pulse characterization,60195,.mat,1667745,1.6 MB
A Dataset for Large Prismatic Lithium-Ion Battery Cells (CALB L148N58A) Comprehensive Characterization and Real-World Driving Cycles/CALB L148N58A testing campaign/Processed Data/Temperature_10C/HPPC_1C/60710.mat,Processed Data,10,HPPC_1C,RPT-like pulse characterization,60710,.mat,1607827,1.5 MB
A Dataset for Large Prismatic Lithium-Ion Battery Cells (CALB L148N58A) Comprehensive Characterization and Real-World Driving Cycles/CALB L148N58A testing campaign/Processed Data/Temperature_10C/HPPC_C3/59294.mat,Processed Data,10,HPPC_C3,RPT-like pulse characterization,59294,.mat,1763772,1.7 MB
A Dataset for Large Prismatic Lithium-Ion Battery Cells (CALB L148N58A) Comprehensive Characterization and Real-World Driving Cycles/CALB L148N58A testing campaign/Processed Data/Temperature_10C/HPPC_C3/59485.mat,Processed Data,10,HPPC_C3,RPT-like pulse characterization,59485,.mat,1776032,1.7 MB
A Dataset for Large Prismatic Lithium-Ion Battery Cells (CALB L148N58A) Comprehensive Characterization and Real-World Driving Cycles/CALB L148N58A testing campaign/Processed Data/Temperature_10C/HPPC_C3/59627.mat,Processed Data,10,HPPC_C3,RPT-like pulse characterization,59627,.mat,1709678,1.6 MB
A Dataset for Large Prismatic Lithium-Ion Battery Cells (CALB L148N58A) Comprehensive Characterization and Real-World Driving Cycles/CALB L148N58A testing campaign/Processed Data/Temperature_10C/HPPC_C3/59690.mat,Processed Data,10,HPPC_C3,RPT-like pulse characterization,59690,.mat,1767895,1.7 MB
A Dataset for Large Prismatic Lithium-Ion Battery Cells (CALB L148N58A) Comprehensive Characterization and Real-World Driving Cycles/CALB L148N58A testing campaign/Processed Data/Temperature_10C/HPPC_C3/59861.mat,Processed Data,10,HPPC_C3,RPT-like pulse characterization,59861,.mat,1755678,1.7 MB
A Dataset for Large Prismatic Lithium-Ion Battery Cells (CALB L148N58A) Comprehensive Characterization and Real-World Driving Cycles/CALB L148N58A testing campaign/Processed Data/Temperature_10C/HPPC_C3/60031.mat,Processed Data,10,HPPC_C3,RPT-like pulse characterization,60031,.mat,1723984,1.6 MB
A Dataset for Large Prismatic Lithium-Ion Battery Cells (CALB L148N58A) Comprehensive Characterization and Real-World Driving Cycles/CALB L148N58A testing campaign/Processed Data/Temperature_10C/HPPC_C3/60403.mat,Processed Data,10,HPPC_C3,RPT-like pulse characterization,60403,.mat,1725283,1.6 MB
A Dataset for Large Prismatic Lithium-Ion Battery Cells (CALB L148N58A) Comprehensive Characterization and Real-World Driving Cycles/CALB L148N58A testing campaign/Processed Data/Temperature_10C/HPPC_C3/60129.mat,Processed Data,10,HPPC_C3,RPT-like pulse characterization,60129,.mat,1726535,1.6 MB
A Dataset for Large Prismatic Lithium-Ion Battery Cells (CALB L148N58A) Comprehensive Characterization and Real-World Driving Cycles/CALB L148N58A testing campaign/Processed Data/Temperature_10C/HPPC_C3/60195.mat,Processed Data,10,HPPC_C3,RPT-like pulse characterization,60195,.mat,1759476,1.7 MB
A Dataset for Large Prismatic Lithium-Ion Battery Cells (CALB L148N58A) Comprehensive Characterization and Real-World Driving Cycles/CALB L148N58A testing campaign/Processed Data/Temperature_10C/HPPC_C3/60644.mat,Processed Data,10,HPPC_C3,RPT-like pulse characterization,60644,.mat,1734793,1.7 MB
A Dataset for Large Prismatic Lithium-Ion Battery Cells (CALB L148N58A) Comprehensive Characterization and Real-World Driving Cycles/CALB L148N58A testing campaign/Processed Data/Temperature_10C/HPPC_C3/60710.mat,Processed Data,10,HPPC_C3,RPT-like pulse characterization,60710,.mat,1700194,1.6 MB
A Dataset for Large Prismatic Lithium-Ion Battery Cells (CALB L148N58A) Comprehensive Characterization and Real-World Driving Cycles/CALB L148N58A testing campaign/Processed Data/Temperature_25C/C20_charge/59294.mat,Processed Data,25,C20_Charge,low-rate charge characterization,59294,.mat,1115307,1.1 MB
A Dataset for Large Prismatic Lithium-Ion Battery Cells (CALB L148N58A) Comprehensive Characterization and Real-World Driving Cycles/CALB L148N58A testing campaign/Processed Data/Temperature_25C/C20_charge/59485.mat,Processed Data,25,C20_Charge,low-rate charge characterization,59485,.mat,1121701,1.1 MB
A Dataset for Large Prismatic Lithium-Ion Battery Cells (CALB L148N58A) Comprehensive Characterization and Real-World Driving Cycles/CALB L148N58A testing campaign/Processed Data/Temperature_25C/C20_charge/59627.mat,Processed Data,25,C20_Charge,low-rate charge characterization,59627,.mat,1097402,1.0 MB
A Dataset for Large Prismatic Lithium-Ion Battery Cells (CALB L148N58A) Comprehensive Characterization and Real-World Driving Cycles/CALB L148N58A testing campaign/Processed Data/Temperature_25C/C20_charge/59690.mat,Processed Data,25,C20_Charge,low-rate charge characterization,59690,.mat,1114228,1.1 MB
A Dataset for Large Prismatic Lithium-Ion Battery Cells (CALB L148N58A) Comprehensive Characterization and Real-World Driving Cycles/CALB L148N58A testing campaign/Processed Data/Temperature_25C/C20_charge/59861.mat,Processed Data,25,C20_Charge,low-rate charge characterization,59861,.mat,1119793,1.1 MB
A Dataset for Large Prismatic Lithium-Ion Battery Cells (CALB L148N58A) Comprehensive Characterization and Real-World Driving Cycles/CALB L148N58A testing campaign/Processed Data/Temperature_25C/C20_charge/60031.mat,Processed Data,25,C20_Charge,low-rate charge characterization,60031,.mat,1108503,1.1 MB
A Dataset for Large Prismatic Lithium-Ion Battery Cells (CALB L148N58A) Comprehensive Characterization and Real-World Driving Cycles/CALB L148N58A testing campaign/Processed Data/Temperature_25C/C20_charge/60129.mat,Processed Data,25,C20_Charge,low-rate charge characterization,60129,.mat,1107099,1.1 MB
A Dataset for Large Prismatic Lithium-Ion Battery Cells (CALB L148N58A) Comprehensive Characterization and Real-World Driving Cycles/CALB L148N58A testing campaign/Processed Data/Temperature_25C/C20_charge/60403.mat,Processed Data,25,C20_Charge,low-rate charge characterization,60403,.mat,1088043,1.0 MB
A Dataset for Large Prismatic Lithium-Ion Battery Cells (CALB L148N58A) Comprehensive Characterization and Real-World Driving Cycles/CALB L148N58A testing campaign/Processed Data/Temperature_25C/C20_charge/60195.mat,Processed Data,25,C20_Charge,low-rate charge characterization,60195,.mat,1123575,1.1 MB
A Dataset for Large Prismatic Lithium-Ion Battery Cells (CALB L148N58A) Comprehensive Characterization and Real-World Driving Cycles/CALB L148N58A testing campaign/Processed Data/Temperature_25C/C20_charge/60644.mat,Processed Data,25,C20_Charge,low-rate charge characterization,60644,.mat,1100423,1.0 MB
A Dataset for Large Prismatic Lithium-Ion Battery Cells (CALB L148N58A) Comprehensive Characterization and Real-World Driving Cycles/CALB L148N58A testing campaign/Processed Data/Temperature_25C/C20_charge/60710.mat,Processed Data,25,C20_Charge,low-rate charge characterization,60710,.mat,1080135,1.0 MB
A Dataset for Large Prismatic Lithium-Ion Battery Cells (CALB L148N58A) Comprehensive Characterization and Real-World Driving Cycles/CALB L148N58A testing campaign/Processed Data/Temperature_25C/C20_discharge/59294.mat,Processed Data,25,C20_Discharge,low-rate discharge characterization,59294,.mat,21749,21.2 KB
A Dataset for Large Prismatic Lithium-Ion Battery Cells (CALB L148N58A) Comprehensive Characterization and Real-World Driving Cycles/CALB L148N58A testing campaign/Processed Data/Temperature_25C/C20_discharge/59485.mat,Processed Data,25,C20_Discharge,low-rate discharge characterization,59485,.mat,21848,21.3 KB
A Dataset for Large Prismatic Lithium-Ion Battery Cells (CALB L148N58A) Comprehensive Characterization and Real-World Driving Cycles/CALB L148N58A testing campaign/Processed Data/Temperature_25C/C20_discharge/59690.mat,Processed Data,25,C20_Discharge,low-rate discharge characterization,59690,.mat,21919,21.4 KB
A Dataset for Large Prismatic Lithium-Ion Battery Cells (CALB L148N58A) Comprehensive Characterization and Real-World Driving Cycles/CALB L148N58A testing campaign/Processed Data/Temperature_25C/C20_discharge/59861.mat,Processed Data,25,C20_Discharge,low-rate discharge characterization,59861,.mat,21923,21.4 KB
A Dataset for Large Prismatic Lithium-Ion Battery Cells (CALB L148N58A) Comprehensive Characterization and Real-World Driving Cycles/CALB L148N58A testing campaign/Processed Data/Temperature_25C/C20_discharge/59627.mat,Processed Data,25,C20_Discharge,low-rate discharge characterization,59627,.mat,1064030,1.0 MB
A Dataset for Large Prismatic Lithium-Ion Battery Cells (CALB L148N58A) Comprehensive Characterization and Real-World Driving Cycles/CALB L148N58A testing campaign/Processed Data/Temperature_25C/C20_discharge/60195.mat,Processed Data,25,C20_Discharge,low-rate discharge characterization,60195,.mat,22017,21.5 KB
A Dataset for Large Prismatic Lithium-Ion Battery Cells (CALB L148N58A) Comprehensive Characterization and Real-World Driving Cycles/CALB L148N58A testing campaign/Processed Data/Temperature_25C/C20_discharge/60031.mat,Processed Data,25,C20_Discharge,low-rate discharge characterization,60031,.mat,1078332,1.0 MB
A Dataset for Large Prismatic Lithium-Ion Battery Cells (CALB L148N58A) Comprehensive Characterization and Real-World Driving Cycles/CALB L148N58A testing campaign/Processed Data/Temperature_25C/C20_discharge/60644.mat,Processed Data,25,C20_Discharge,low-rate discharge characterization,60644,.mat,22140,21.6 KB
A Dataset for Large Prismatic Lithium-Ion Battery Cells (CALB L148N58A) Comprehensive Characterization and Real-World Driving Cycles/CALB L148N58A testing campaign/Processed Data/Temperature_25C/C20_discharge/60129.mat,Processed Data,25,C20_Discharge,low-rate discharge characterization,60129,.mat,1080845,1.0 MB
A Dataset for Large Prismatic Lithium-Ion Battery Cells (CALB L148N58A) Comprehensive Characterization and Real-World Driving Cycles/CALB L148N58A testing campaign/Processed Data/Temperature_25C/C20_discharge/60403.mat,Processed Data,25,C20_Discharge,low-rate discharge characterization,60403,.mat,1055894,1.0 MB
A Dataset for Large Prismatic Lithium-Ion Battery Cells (CALB L148N58A) Comprehensive Characterization and Real-World Driving Cycles/CALB L148N58A testing campaign/Processed Data/Temperature_25C/C20_discharge/60710.mat,Processed Data,25,C20_Discharge,low-rate discharge characterization,60710,.mat,1057779,1.0 MB
A Dataset for Large Prismatic Lithium-Ion Battery Cells (CALB L148N58A) Comprehensive Characterization and Real-World Driving Cycles/CALB L148N58A testing campaign/Processed Data/Temperature_25C/DV_UDDS/59294.mat,Processed Data,25,DV_UDDS,variable-current drive-cycle discharge,59294,.mat,4159126,4.0 MB
A Dataset for Large Prismatic Lithium-Ion Battery Cells (CALB L148N58A) Comprehensive Characterization and Real-World Driving Cycles/CALB L148N58A testing campaign/Processed Data/Temperature_25C/DV_UDDS/59485.mat,Processed Data,25,DV_UDDS,variable-current drive-cycle discharge,59485,.mat,4157508,4.0 MB
A Dataset for Large Prismatic Lithium-Ion Battery Cells (CALB L148N58A) Comprehensive Characterization and Real-World Driving Cycles/CALB L148N58A testing campaign/Processed Data/Temperature_25C/DV_UDDS/59627.mat,Processed Data,25,DV_UDDS,variable-current drive-cycle discharge,59627,.mat,4114064,3.9 MB
A Dataset for Large Prismatic Lithium-Ion Battery Cells (CALB L148N58A) Comprehensive Characterization and Real-World Driving Cycles/CALB L148N58A testing campaign/Processed Data/Temperature_25C/DV_UDDS/59690.mat,Processed Data,25,DV_UDDS,variable-current drive-cycle discharge,59690,.mat,4157277,4.0 MB
A Dataset for Large Prismatic Lithium-Ion Battery Cells (CALB L148N58A) Comprehensive Characterization and Real-World Driving Cycles/CALB L148N58A testing campaign/Processed Data/Temperature_25C/DV_UDDS/59861.mat,Processed Data,25,DV_UDDS,variable-current drive-cycle discharge,59861,.mat,4146201,4.0 MB
A Dataset for Large Prismatic Lithium-Ion Battery Cells (CALB L148N58A) Comprehensive Characterization and Real-World Driving Cycles/CALB L148N58A testing campaign/Processed Data/Temperature_25C/DV_UDDS/60031.mat,Processed Data,25,DV_UDDS,variable-current drive-cycle discharge,60031,.mat,4120864,3.9 MB
A Dataset for Large Prismatic Lithium-Ion Battery Cells (CALB L148N58A) Comprehensive Characterization and Real-World Driving Cycles/CALB L148N58A testing campaign/Processed Data/Temperature_25C/DV_UDDS/60195.mat,Processed Data,25,DV_UDDS,variable-current drive-cycle discharge,60195,.mat,4144442,4.0 MB
A Dataset for Large Prismatic Lithium-Ion Battery Cells (CALB L148N58A) Comprehensive Characterization and Real-World Driving Cycles/CALB L148N58A testing campaign/Processed Data/Temperature_25C/DV_UDDS/60129.mat,Processed Data,25,DV_UDDS,variable-current drive-cycle discharge,60129,.mat,4112903,3.9 MB
A Dataset for Large Prismatic Lithium-Ion Battery Cells (CALB L148N58A) Comprehensive Characterization and Real-World Driving Cycles/CALB L148N58A testing campaign/Processed Data/Temperature_25C/DV_UDDS/60403.mat,Processed Data,25,DV_UDDS,variable-current drive-cycle discharge,60403,.mat,4145003,4.0 MB
A Dataset for Large Prismatic Lithium-Ion Battery Cells (CALB L148N58A) Comprehensive Characterization and Real-World Driving Cycles/CALB L148N58A testing campaign/Processed Data/Temperature_25C/DV_UDDS/60644.mat,Processed Data,25,DV_UDDS,variable-current drive-cycle discharge,60644,.mat,4140386,3.9 MB
A Dataset for Large Prismatic Lithium-Ion Battery Cells (CALB L148N58A) Comprehensive Characterization and Real-World Driving Cycles/CALB L148N58A testing campaign/Processed Data/Temperature_25C/DV_UDDS/60710.mat,Processed Data,25,DV_UDDS,variable-current drive-cycle discharge,60710,.mat,4119144,3.9 MB
A Dataset for Large Prismatic Lithium-Ion Battery Cells (CALB L148N58A) Comprehensive Characterization and Real-World Driving Cycles/CALB L148N58A testing campaign/Processed Data/Temperature_25C/DV_US06/59294.mat,Processed Data,25,DV_US06,variable-current drive-cycle discharge,59294,.mat,2125079,2.0 MB
A Dataset for Large Prismatic Lithium-Ion Battery Cells (CALB L148N58A) Comprehensive Characterization and Real-World Driving Cycles/CALB L148N58A testing campaign/Processed Data/Temperature_25C/DV_US06/59627.mat,Processed Data,25,DV_US06,variable-current drive-cycle discharge,59627,.mat,2069414,2.0 MB
A Dataset for Large Prismatic Lithium-Ion Battery Cells (CALB L148N58A) Comprehensive Characterization and Real-World Driving Cycles/CALB L148N58A testing campaign/Processed Data/Temperature_25C/DV_US06/59485.mat,Processed Data,25,DV_US06,variable-current drive-cycle discharge,59485,.mat,2138345,2.0 MB
A Dataset for Large Prismatic Lithium-Ion Battery Cells (CALB L148N58A) Comprehensive Characterization and Real-World Driving Cycles/CALB L148N58A testing campaign/Processed Data/Temperature_25C/DV_US06/59690.mat,Processed Data,25,DV_US06,variable-current drive-cycle discharge,59690,.mat,2140921,2.0 MB
A Dataset for Large Prismatic Lithium-Ion Battery Cells (CALB L148N58A) Comprehensive Characterization and Real-World Driving Cycles/CALB L148N58A testing campaign/Processed Data/Temperature_25C/DV_US06/60403.mat,Processed Data,25,DV_US06,variable-current drive-cycle discharge,60403,.mat,2066791,2.0 MB
A Dataset for Large Prismatic Lithium-Ion Battery Cells (CALB L148N58A) Comprehensive Characterization and Real-World Driving Cycles/CALB L148N58A testing campaign/Processed Data/Temperature_25C/DV_US06/60031.mat,Processed Data,25,DV_US06,variable-current drive-cycle discharge,60031,.mat,2117120,2.0 MB
A Dataset for Large Prismatic Lithium-Ion Battery Cells (CALB L148N58A) Comprehensive Characterization and Real-World Driving Cycles/CALB L148N58A testing campaign/Processed Data/Temperature_25C/DV_US06/60129.mat,Processed Data,25,DV_US06,variable-current drive-cycle discharge,60129,.mat,2121664,2.0 MB
A Dataset for Large Prismatic Lithium-Ion Battery Cells (CALB L148N58A) Comprehensive Characterization and Real-World Driving Cycles/CALB L148N58A testing campaign/Processed Data/Temperature_25C/DV_US06/59861.mat,Processed Data,25,DV_US06,variable-current drive-cycle discharge,59861,.mat,2139754,2.0 MB
A Dataset for Large Prismatic Lithium-Ion Battery Cells (CALB L148N58A) Comprehensive Characterization and Real-World Driving Cycles/CALB L148N58A testing campaign/Processed Data/Temperature_25C/DV_US06/60195.mat,Processed Data,25,DV_US06,variable-current drive-cycle discharge,60195,.mat,2147102,2.0 MB
A Dataset for Large Prismatic Lithium-Ion Battery Cells (CALB L148N58A) Comprehensive Characterization and Real-World Driving Cycles/CALB L148N58A testing campaign/Processed Data/Temperature_25C/DV_US06/60644.mat,Processed Data,25,DV_US06,variable-current drive-cycle discharge,60644,.mat,2082915,2.0 MB
A Dataset for Large Prismatic Lithium-Ion Battery Cells (CALB L148N58A) Comprehensive Characterization and Real-World Driving Cycles/CALB L148N58A testing campaign/Processed Data/Temperature_25C/DV_US06/60710.mat,Processed Data,25,DV_US06,variable-current drive-cycle discharge,60710,.mat,2056655,2.0 MB
A Dataset for Large Prismatic Lithium-Ion Battery Cells (CALB L148N58A) Comprehensive Characterization and Real-World Driving Cycles/CALB L148N58A testing campaign/Processed Data/Temperature_25C/DV_WLTP/59294.mat,Processed Data,25,DV_WLTP,variable-current drive-cycle discharge,59294,.mat,3811846,3.6 MB
A Dataset for Large Prismatic Lithium-Ion Battery Cells (CALB L148N58A) Comprehensive Characterization and Real-World Driving Cycles/CALB L148N58A testing campaign/Processed Data/Temperature_25C/DV_WLTP/59485.mat,Processed Data,25,DV_WLTP,variable-current drive-cycle discharge,59485,.mat,3815634,3.6 MB
A Dataset for Large Prismatic Lithium-Ion Battery Cells (CALB L148N58A) Comprehensive Characterization and Real-World Driving Cycles/CALB L148N58A testing campaign/Processed Data/Temperature_25C/DV_WLTP/59627.mat,Processed Data,25,DV_WLTP,variable-current drive-cycle discharge,59627,.mat,3783088,3.6 MB
A Dataset for Large Prismatic Lithium-Ion Battery Cells (CALB L148N58A) Comprehensive Characterization and Real-World Driving Cycles/CALB L148N58A testing campaign/Processed Data/Temperature_25C/DV_WLTP/60129.mat,Processed Data,25,DV_WLTP,variable-current drive-cycle discharge,60129,.mat,3777700,3.6 MB
A Dataset for Large Prismatic Lithium-Ion Battery Cells (CALB L148N58A) Comprehensive Characterization and Real-World Driving Cycles/CALB L148N58A testing campaign/Processed Data/Temperature_25C/DV_WLTP/59690.mat,Processed Data,25,DV_WLTP,variable-current drive-cycle discharge,59690,.mat,3817001,3.6 MB
A Dataset for Large Prismatic Lithium-Ion Battery Cells (CALB L148N58A) Comprehensive Characterization and Real-World Driving Cycles/CALB L148N58A testing campaign/Processed Data/Temperature_25C/DV_WLTP/60031.mat,Processed Data,25,DV_WLTP,variable-current drive-cycle discharge,60031,.mat,3787987,3.6 MB
A Dataset for Large Prismatic Lithium-Ion Battery Cells (CALB L148N58A) Comprehensive Characterization and Real-World Driving Cycles/CALB L148N58A testing campaign/Processed Data/Temperature_25C/DV_WLTP/59861.mat,Processed Data,25,DV_WLTP,variable-current drive-cycle discharge,59861,.mat,3813000,3.6 MB
A Dataset for Large Prismatic Lithium-Ion Battery Cells (CALB L148N58A) Comprehensive Characterization and Real-World Driving Cycles/CALB L148N58A testing campaign/Processed Data/Temperature_25C/DV_WLTP/60195.mat,Processed Data,25,DV_WLTP,variable-current drive-cycle discharge,60195,.mat,3800282,3.6 MB
A Dataset for Large Prismatic Lithium-Ion Battery Cells (CALB L148N58A) Comprehensive Characterization and Real-World Driving Cycles/CALB L148N58A testing campaign/Processed Data/Temperature_25C/DV_WLTP/60403.mat,Processed Data,25,DV_WLTP,variable-current drive-cycle discharge,60403,.mat,3802257,3.6 MB
A Dataset for Large Prismatic Lithium-Ion Battery Cells (CALB L148N58A) Comprehensive Characterization and Real-World Driving Cycles/CALB L148N58A testing campaign/Processed Data/Temperature_25C/DV_WLTP/60644.mat,Processed Data,25,DV_WLTP,variable-current drive-cycle discharge,60644,.mat,3801649,3.6 MB
A Dataset for Large Prismatic Lithium-Ion Battery Cells (CALB L148N58A) Comprehensive Characterization and Real-World Driving Cycles/CALB L148N58A testing campaign/Processed Data/Temperature_25C/DV_WLTP/60710.mat,Processed Data,25,DV_WLTP,variable-current drive-cycle discharge,60710,.mat,3782559,3.6 MB
A Dataset for Large Prismatic Lithium-Ion Battery Cells (CALB L148N58A) Comprehensive Characterization and Real-World Driving Cycles/CALB L148N58A testing campaign/Processed Data/Temperature_25C/EIS_test/59294.mat,Processed Data,25,EIS_test,measured impedance target,59294,.mat,3313,3.2 KB
A Dataset for Large Prismatic Lithium-Ion Battery Cells (CALB L148N58A) Comprehensive Characterization and Real-World Driving Cycles/CALB L148N58A testing campaign/Processed Data/Temperature_25C/EIS_test/59485.mat,Processed Data,25,EIS_test,measured impedance target,59485,.mat,3335,3.3 KB
A Dataset for Large Prismatic Lithium-Ion Battery Cells (CALB L148N58A) Comprehensive Characterization and Real-World Driving Cycles/CALB L148N58A testing campaign/Processed Data/Temperature_25C/EIS_test/59627.mat,Processed Data,25,EIS_test,measured impedance target,59627,.mat,4290,4.2 KB
A Dataset for Large Prismatic Lithium-Ion Battery Cells (CALB L148N58A) Comprehensive Characterization and Real-World Driving Cycles/CALB L148N58A testing campaign/Processed Data/Temperature_25C/EIS_test/60031.mat,Processed Data,25,EIS_test,measured impedance target,60031,.mat,4262,4.2 KB
A Dataset for Large Prismatic Lithium-Ion Battery Cells (CALB L148N58A) Comprehensive Characterization and Real-World Driving Cycles/CALB L148N58A testing campaign/Processed Data/Temperature_25C/EIS_test/59690.mat,Processed Data,25,EIS_test,measured impedance target,59690,.mat,3319,3.2 KB
A Dataset for Large Prismatic Lithium-Ion Battery Cells (CALB L148N58A) Comprehensive Characterization and Real-World Driving Cycles/CALB L148N58A testing campaign/Processed Data/Temperature_25C/EIS_test/59861.mat,Processed Data,25,EIS_test,measured impedance target,59861,.mat,3315,3.2 KB
A Dataset for Large Prismatic Lithium-Ion Battery Cells (CALB L148N58A) Comprehensive Characterization and Real-World Driving Cycles/CALB L148N58A testing campaign/Processed Data/Temperature_25C/EIS_test/60403.mat,Processed Data,25,EIS_test,measured impedance target,60403,.mat,4265,4.2 KB
A Dataset for Large Prismatic Lithium-Ion Battery Cells (CALB L148N58A) Comprehensive Characterization and Real-World Driving Cycles/CALB L148N58A testing campaign/Processed Data/Temperature_25C/EIS_test/60129.mat,Processed Data,25,EIS_test,measured impedance target,60129,.mat,4254,4.2 KB
A Dataset for Large Prismatic Lithium-Ion Battery Cells (CALB L148N58A) Comprehensive Characterization and Real-World Driving Cycles/CALB L148N58A testing campaign/Processed Data/Temperature_25C/EIS_test/60195.mat,Processed Data,25,EIS_test,measured impedance target,60195,.mat,3351,3.3 KB
A Dataset for Large Prismatic Lithium-Ion Battery Cells (CALB L148N58A) Comprehensive Characterization and Real-World Driving Cycles/CALB L148N58A testing campaign/Processed Data/Temperature_25C/EIS_test/60644.mat,Processed Data,25,EIS_test,measured impedance target,60644,.mat,3326,3.2 KB
A Dataset for Large Prismatic Lithium-Ion Battery Cells (CALB L148N58A) Comprehensive Characterization and Real-World Driving Cycles/CALB L148N58A testing campaign/Processed Data/Temperature_25C/EIS_test/60710.mat,Processed Data,25,EIS_test,measured impedance target,60710,.mat,4244,4.1 KB
A Dataset for Large Prismatic Lithium-Ion Battery Cells (CALB L148N58A) Comprehensive Characterization and Real-World Driving Cycles/CALB L148N58A testing campaign/Processed Data/Temperature_25C/HPPC_1C/59294.mat,Processed Data,25,HPPC_1C,RPT-like pulse characterization,59294,.mat,1438072,1.4 MB
A Dataset for Large Prismatic Lithium-Ion Battery Cells (CALB L148N58A) Comprehensive Characterization and Real-World Driving Cycles/CALB L148N58A testing campaign/Processed Data/Temperature_25C/HPPC_1C/59485.mat,Processed Data,25,HPPC_1C,RPT-like pulse characterization,59485,.mat,1450624,1.4 MB
A Dataset for Large Prismatic Lithium-Ion Battery Cells (CALB L148N58A) Comprehensive Characterization and Real-World Driving Cycles/CALB L148N58A testing campaign/Processed Data/Temperature_25C/HPPC_1C/59690.mat,Processed Data,25,HPPC_1C,RPT-like pulse characterization,59690,.mat,1440505,1.4 MB
A Dataset for Large Prismatic Lithium-Ion Battery Cells (CALB L148N58A) Comprehensive Characterization and Real-World Driving Cycles/CALB L148N58A testing campaign/Processed Data/Temperature_25C/HPPC_1C/59861.mat,Processed Data,25,HPPC_1C,RPT-like pulse characterization,59861,.mat,1431831,1.4 MB
A Dataset for Large Prismatic Lithium-Ion Battery Cells (CALB L148N58A) Comprehensive Characterization and Real-World Driving Cycles/CALB L148N58A testing campaign/Processed Data/Temperature_25C/HPPC_1C/59627.mat,Processed Data,25,HPPC_1C,RPT-like pulse characterization,59627,.mat,1611219,1.5 MB
A Dataset for Large Prismatic Lithium-Ion Battery Cells (CALB L148N58A) Comprehensive Characterization and Real-World Driving Cycles/CALB L148N58A testing campaign/Processed Data/Temperature_25C/HPPC_1C/60195.mat,Processed Data,25,HPPC_1C,RPT-like pulse characterization,60195,.mat,1444776,1.4 MB
A Dataset for Large Prismatic Lithium-Ion Battery Cells (CALB L148N58A) Comprehensive Characterization and Real-World Driving Cycles/CALB L148N58A testing campaign/Processed Data/Temperature_25C/HPPC_1C/60644.mat,Processed Data,25,HPPC_1C,RPT-like pulse characterization,60644,.mat,1425889,1.4 MB
A Dataset for Large Prismatic Lithium-Ion Battery Cells (CALB L148N58A) Comprehensive Characterization and Real-World Driving Cycles/CALB L148N58A testing campaign/Processed Data/Temperature_25C/HPPC_1C/60129.mat,Processed Data,25,HPPC_1C,RPT-like pulse characterization,60129,.mat,1614507,1.5 MB
A Dataset for Large Prismatic Lithium-Ion Battery Cells (CALB L148N58A) Comprehensive Characterization and Real-World Driving Cycles/CALB L148N58A testing campaign/Processed Data/Temperature_25C/HPPC_1C/60403.mat,Processed Data,25,HPPC_1C,RPT-like pulse characterization,60403,.mat,1610315,1.5 MB
A Dataset for Large Prismatic Lithium-Ion Battery Cells (CALB L148N58A) Comprehensive Characterization and Real-World Driving Cycles/CALB L148N58A testing campaign/Processed Data/Temperature_25C/HPPC_1C/60031.mat,Processed Data,25,HPPC_1C,RPT-like pulse characterization,60031,.mat,1615591,1.5 MB
A Dataset for Large Prismatic Lithium-Ion Battery Cells (CALB L148N58A) Comprehensive Characterization and Real-World Driving Cycles/CALB L148N58A testing campaign/Processed Data/Temperature_25C/HPPC_1C/60710.mat,Processed Data,25,HPPC_1C,RPT-like pulse characterization,60710,.mat,1586012,1.5 MB
A Dataset for Large Prismatic Lithium-Ion Battery Cells (CALB L148N58A) Comprehensive Characterization and Real-World Driving Cycles/CALB L148N58A testing campaign/Processed Data/Temperature_25C/HPPC_C3/59294.mat,Processed Data,25,HPPC_C3,RPT-like pulse characterization,59294,.mat,1420067,1.4 MB
A Dataset for Large Prismatic Lithium-Ion Battery Cells (CALB L148N58A) Comprehensive Characterization and Real-World Driving Cycles/CALB L148N58A testing campaign/Processed Data/Temperature_25C/HPPC_C3/59485.mat,Processed Data,25,HPPC_C3,RPT-like pulse characterization,59485,.mat,1568557,1.5 MB
A Dataset for Large Prismatic Lithium-Ion Battery Cells (CALB L148N58A) Comprehensive Characterization and Real-World Driving Cycles/CALB L148N58A testing campaign/Processed Data/Temperature_25C/HPPC_C3/59690.mat,Processed Data,25,HPPC_C3,RPT-like pulse characterization,59690,.mat,1423754,1.4 MB
A Dataset for Large Prismatic Lithium-Ion Battery Cells (CALB L148N58A) Comprehensive Characterization and Real-World Driving Cycles/CALB L148N58A testing campaign/Processed Data/Temperature_25C/HPPC_C3/59627.mat,Processed Data,25,HPPC_C3,RPT-like pulse characterization,59627,.mat,1694829,1.6 MB
A Dataset for Large Prismatic Lithium-Ion Battery Cells (CALB L148N58A) Comprehensive Characterization and Real-World Driving Cycles/CALB L148N58A testing campaign/Processed Data/Temperature_25C/HPPC_C3/60644.mat,Processed Data,25,HPPC_C3,RPT-like pulse characterization,60644,.mat,1400803,1.3 MB
A Dataset for Large Prismatic Lithium-Ion Battery Cells (CALB L148N58A) Comprehensive Characterization and Real-World Driving Cycles/CALB L148N58A testing campaign/Processed Data/Temperature_25C/HPPC_C3/60195.mat,Processed Data,25,HPPC_C3,RPT-like pulse characterization,60195,.mat,1550712,1.5 MB
A Dataset for Large Prismatic Lithium-Ion Battery Cells (CALB L148N58A) Comprehensive Characterization and Real-World Driving Cycles/CALB L148N58A testing campaign/Processed Data/Temperature_25C/HPPC_C3/59861.mat,Processed Data,25,HPPC_C3,RPT-like pulse characterization,59861,.mat,1545443,1.5 MB
A Dataset for Large Prismatic Lithium-Ion Battery Cells (CALB L148N58A) Comprehensive Characterization and Real-World Driving Cycles/CALB L148N58A testing campaign/Processed Data/Temperature_25C/HPPC_C3/60031.mat,Processed Data,25,HPPC_C3,RPT-like pulse characterization,60031,.mat,1711390,1.6 MB
A Dataset for Large Prismatic Lithium-Ion Battery Cells (CALB L148N58A) Comprehensive Characterization and Real-World Driving Cycles/CALB L148N58A testing campaign/Processed Data/Temperature_25C/HPPC_C3/60129.mat,Processed Data,25,HPPC_C3,RPT-like pulse characterization,60129,.mat,1712922,1.6 MB
A Dataset for Large Prismatic Lithium-Ion Battery Cells (CALB L148N58A) Comprehensive Characterization and Real-World Driving Cycles/CALB L148N58A testing campaign/Processed Data/Temperature_25C/HPPC_C3/60403.mat,Processed Data,25,HPPC_C3,RPT-like pulse characterization,60403,.mat,1708009,1.6 MB
A Dataset for Large Prismatic Lithium-Ion Battery Cells (CALB L148N58A) Comprehensive Characterization and Real-World Driving Cycles/CALB L148N58A testing campaign/Processed Data/Temperature_25C/HPPC_C3/60710.mat,Processed Data,25,HPPC_C3,RPT-like pulse characterization,60710,.mat,1681170,1.6 MB
A Dataset for Large Prismatic Lithium-Ion Battery Cells (CALB L148N58A) Comprehensive Characterization and Real-World Driving Cycles/CALB L148N58A testing campaign/Processed Data/Temperature_40C/C20_charge/59485.mat,Processed Data,40,C20_Charge,low-rate charge characterization,59485,.mat,1135220,1.1 MB
A Dataset for Large Prismatic Lithium-Ion Battery Cells (CALB L148N58A) Comprehensive Characterization and Real-World Driving Cycles/CALB L148N58A testing campaign/Processed Data/Temperature_40C/C20_charge/59294.mat,Processed Data,40,C20_Charge,low-rate charge characterization,59294,.mat,1124571,1.1 MB
A Dataset for Large Prismatic Lithium-Ion Battery Cells (CALB L148N58A) Comprehensive Characterization and Real-World Driving Cycles/CALB L148N58A testing campaign/Processed Data/Temperature_40C/C20_charge/59627.mat,Processed Data,40,C20_Charge,low-rate charge characterization,59627,.mat,1087093,1.0 MB
A Dataset for Large Prismatic Lithium-Ion Battery Cells (CALB L148N58A) Comprehensive Characterization and Real-World Driving Cycles/CALB L148N58A testing campaign/Processed Data/Temperature_40C/C20_charge/59690.mat,Processed Data,40,C20_Charge,low-rate charge characterization,59690,.mat,1131255,1.1 MB
A Dataset for Large Prismatic Lithium-Ion Battery Cells (CALB L148N58A) Comprehensive Characterization and Real-World Driving Cycles/CALB L148N58A testing campaign/Processed Data/Temperature_40C/C20_charge/59861.mat,Processed Data,40,C20_Charge,low-rate charge characterization,59861,.mat,1130055,1.1 MB
A Dataset for Large Prismatic Lithium-Ion Battery Cells (CALB L148N58A) Comprehensive Characterization and Real-World Driving Cycles/CALB L148N58A testing campaign/Processed Data/Temperature_40C/C20_charge/60031.mat,Processed Data,40,C20_Charge,low-rate charge characterization,60031,.mat,1091087,1.0 MB
A Dataset for Large Prismatic Lithium-Ion Battery Cells (CALB L148N58A) Comprehensive Characterization and Real-World Driving Cycles/CALB L148N58A testing campaign/Processed Data/Temperature_40C/C20_charge/60403.mat,Processed Data,40,C20_Charge,low-rate charge characterization,60403,.mat,1078773,1.0 MB
A Dataset for Large Prismatic Lithium-Ion Battery Cells (CALB L148N58A) Comprehensive Characterization and Real-World Driving Cycles/CALB L148N58A testing campaign/Processed Data/Temperature_40C/C20_charge/60195.mat,Processed Data,40,C20_Charge,low-rate charge characterization,60195,.mat,1136882,1.1 MB
A Dataset for Large Prismatic Lithium-Ion Battery Cells (CALB L148N58A) Comprehensive Characterization and Real-World Driving Cycles/CALB L148N58A testing campaign/Processed Data/Temperature_40C/C20_charge/60129.mat,Processed Data,40,C20_Charge,low-rate charge characterization,60129,.mat,1093660,1.0 MB
A Dataset for Large Prismatic Lithium-Ion Battery Cells (CALB L148N58A) Comprehensive Characterization and Real-World Driving Cycles/CALB L148N58A testing campaign/Processed Data/Temperature_40C/C20_charge/60644.mat,Processed Data,40,C20_Charge,low-rate charge characterization,60644,.mat,1070968,1.0 MB
A Dataset for Large Prismatic Lithium-Ion Battery Cells (CALB L148N58A) Comprehensive Characterization and Real-World Driving Cycles/CALB L148N58A testing campaign/Processed Data/Temperature_40C/C20_charge/60710.mat,Processed Data,40,C20_Charge,low-rate charge characterization,60710,.mat,1078296,1.0 MB
A Dataset for Large Prismatic Lithium-Ion Battery Cells (CALB L148N58A) Comprehensive Characterization and Real-World Driving Cycles/CALB L148N58A testing campaign/Processed Data/Temperature_40C/C20_discharge/59294.mat,Processed Data,40,C20_Discharge,low-rate discharge characterization,59294,.mat,1082256,1.0 MB
A Dataset for Large Prismatic Lithium-Ion Battery Cells (CALB L148N58A) Comprehensive Characterization and Real-World Driving Cycles/CALB L148N58A testing campaign/Processed Data/Temperature_40C/C20_discharge/59485.mat,Processed Data,40,C20_Discharge,low-rate discharge characterization,59485,.mat,1092895,1.0 MB
A Dataset for Large Prismatic Lithium-Ion Battery Cells (CALB L148N58A) Comprehensive Characterization and Real-World Driving Cycles/CALB L148N58A testing campaign/Processed Data/Temperature_40C/C20_discharge/59627.mat,Processed Data,40,C20_Discharge,low-rate discharge characterization,59627,.mat,1047344,1022.8 KB
A Dataset for Large Prismatic Lithium-Ion Battery Cells (CALB L148N58A) Comprehensive Characterization and Real-World Driving Cycles/CALB L148N58A testing campaign/Processed Data/Temperature_40C/C20_discharge/59690.mat,Processed Data,40,C20_Discharge,low-rate discharge characterization,59690,.mat,1093164,1.0 MB
A Dataset for Large Prismatic Lithium-Ion Battery Cells (CALB L148N58A) Comprehensive Characterization and Real-World Driving Cycles/CALB L148N58A testing campaign/Processed Data/Temperature_40C/C20_discharge/59861.mat,Processed Data,40,C20_Discharge,low-rate discharge characterization,59861,.mat,1096044,1.0 MB
A Dataset for Large Prismatic Lithium-Ion Battery Cells (CALB L148N58A) Comprehensive Characterization and Real-World Driving Cycles/CALB L148N58A testing campaign/Processed Data/Temperature_40C/C20_discharge/60031.mat,Processed Data,40,C20_Discharge,low-rate discharge characterization,60031,.mat,1060654,1.0 MB
A Dataset for Large Prismatic Lithium-Ion Battery Cells (CALB L148N58A) Comprehensive Characterization and Real-World Driving Cycles/CALB L148N58A testing campaign/Processed Data/Temperature_40C/C20_discharge/60129.mat,Processed Data,40,C20_Discharge,low-rate discharge characterization,60129,.mat,1062166,1.0 MB
A Dataset for Large Prismatic Lithium-Ion Battery Cells (CALB L148N58A) Comprehensive Characterization and Real-World Driving Cycles/CALB L148N58A testing campaign/Processed Data/Temperature_40C/C20_discharge/60195.mat,Processed Data,40,C20_Discharge,low-rate discharge characterization,60195,.mat,1098255,1.0 MB
A Dataset for Large Prismatic Lithium-Ion Battery Cells (CALB L148N58A) Comprehensive Characterization and Real-World Driving Cycles/CALB L148N58A testing campaign/Processed Data/Temperature_40C/C20_discharge/60403.mat,Processed Data,40,C20_Discharge,low-rate discharge characterization,60403,.mat,1043033,1018.6 KB
A Dataset for Large Prismatic Lithium-Ion Battery Cells (CALB L148N58A) Comprehensive Characterization and Real-World Driving Cycles/CALB L148N58A testing campaign/Processed Data/Temperature_40C/C20_discharge/60644.mat,Processed Data,40,C20_Discharge,low-rate discharge characterization,60644,.mat,1092120,1.0 MB
A Dataset for Large Prismatic Lithium-Ion Battery Cells (CALB L148N58A) Comprehensive Characterization and Real-World Driving Cycles/CALB L148N58A testing campaign/Processed Data/Temperature_40C/C20_discharge/60710.mat,Processed Data,40,C20_Discharge,low-rate discharge characterization,60710,.mat,1048302,1023.7 KB
A Dataset for Large Prismatic Lithium-Ion Battery Cells (CALB L148N58A) Comprehensive Characterization and Real-World Driving Cycles/CALB L148N58A testing campaign/Processed Data/Temperature_40C/DV_UDDS/59294.mat,Processed Data,40,DV_UDDS,variable-current drive-cycle discharge,59294,.mat,4140085,3.9 MB
A Dataset for Large Prismatic Lithium-Ion Battery Cells (CALB L148N58A) Comprehensive Characterization and Real-World Driving Cycles/CALB L148N58A testing campaign/Processed Data/Temperature_40C/DV_UDDS/59485.mat,Processed Data,40,DV_UDDS,variable-current drive-cycle discharge,59485,.mat,4145396,4.0 MB
A Dataset for Large Prismatic Lithium-Ion Battery Cells (CALB L148N58A) Comprehensive Characterization and Real-World Driving Cycles/CALB L148N58A testing campaign/Processed Data/Temperature_40C/DV_UDDS/59690.mat,Processed Data,40,DV_UDDS,variable-current drive-cycle discharge,59690,.mat,4154812,4.0 MB
A Dataset for Large Prismatic Lithium-Ion Battery Cells (CALB L148N58A) Comprehensive Characterization and Real-World Driving Cycles/CALB L148N58A testing campaign/Processed Data/Temperature_40C/DV_UDDS/59627.mat,Processed Data,40,DV_UDDS,variable-current drive-cycle discharge,59627,.mat,4078061,3.9 MB
A Dataset for Large Prismatic Lithium-Ion Battery Cells (CALB L148N58A) Comprehensive Characterization and Real-World Driving Cycles/CALB L148N58A testing campaign/Processed Data/Temperature_40C/DV_UDDS/60644.mat,Processed Data,40,DV_UDDS,variable-current drive-cycle discharge,60644,.mat,4134928,3.9 MB
A Dataset for Large Prismatic Lithium-Ion Battery Cells (CALB L148N58A) Comprehensive Characterization and Real-World Driving Cycles/CALB L148N58A testing campaign/Processed Data/Temperature_40C/DV_UDDS/60403.mat,Processed Data,40,DV_UDDS,variable-current drive-cycle discharge,60403,.mat,4112471,3.9 MB
A Dataset for Large Prismatic Lithium-Ion Battery Cells (CALB L148N58A) Comprehensive Characterization and Real-World Driving Cycles/CALB L148N58A testing campaign/Processed Data/Temperature_40C/DV_UDDS/60031.mat,Processed Data,40,DV_UDDS,variable-current drive-cycle discharge,60031,.mat,4089585,3.9 MB
A Dataset for Large Prismatic Lithium-Ion Battery Cells (CALB L148N58A) Comprehensive Characterization and Real-World Driving Cycles/CALB L148N58A testing campaign/Processed Data/Temperature_40C/DV_UDDS/59861.mat,Processed Data,40,DV_UDDS,variable-current drive-cycle discharge,59861,.mat,4147554,4.0 MB
A Dataset for Large Prismatic Lithium-Ion Battery Cells (CALB L148N58A) Comprehensive Characterization and Real-World Driving Cycles/CALB L148N58A testing campaign/Processed Data/Temperature_40C/DV_UDDS/60195.mat,Processed Data,40,DV_UDDS,variable-current drive-cycle discharge,60195,.mat,4136649,3.9 MB
A Dataset for Large Prismatic Lithium-Ion Battery Cells (CALB L148N58A) Comprehensive Characterization and Real-World Driving Cycles/CALB L148N58A testing campaign/Processed Data/Temperature_40C/DV_UDDS/60129.mat,Processed Data,40,DV_UDDS,variable-current drive-cycle discharge,60129,.mat,4076398,3.9 MB
A Dataset for Large Prismatic Lithium-Ion Battery Cells (CALB L148N58A) Comprehensive Characterization and Real-World Driving Cycles/CALB L148N58A testing campaign/Processed Data/Temperature_40C/DV_UDDS/60710.mat,Processed Data,40,DV_UDDS,variable-current drive-cycle discharge,60710,.mat,4085874,3.9 MB
A Dataset for Large Prismatic Lithium-Ion Battery Cells (CALB L148N58A) Comprehensive Characterization and Real-World Driving Cycles/CALB L148N58A testing campaign/Processed Data/Temperature_40C/DV_US06/59294.mat,Processed Data,40,DV_US06,variable-current drive-cycle discharge,59294,.mat,2122676,2.0 MB
A Dataset for Large Prismatic Lithium-Ion Battery Cells (CALB L148N58A) Comprehensive Characterization and Real-World Driving Cycles/CALB L148N58A testing campaign/Processed Data/Temperature_40C/DV_US06/59485.mat,Processed Data,40,DV_US06,variable-current drive-cycle discharge,59485,.mat,2126373,2.0 MB
A Dataset for Large Prismatic Lithium-Ion Battery Cells (CALB L148N58A) Comprehensive Characterization and Real-World Driving Cycles/CALB L148N58A testing campaign/Processed Data/Temperature_40C/DV_US06/60195.mat,Processed Data,40,DV_US06,variable-current drive-cycle discharge,60195,.mat,2144519,2.0 MB
A Dataset for Large Prismatic Lithium-Ion Battery Cells (CALB L148N58A) Comprehensive Characterization and Real-World Driving Cycles/CALB L148N58A testing campaign/Processed Data/Temperature_40C/DV_US06/59627.mat,Processed Data,40,DV_US06,variable-current drive-cycle discharge,59627,.mat,2091006,2.0 MB
A Dataset for Large Prismatic Lithium-Ion Battery Cells (CALB L148N58A) Comprehensive Characterization and Real-World Driving Cycles/CALB L148N58A testing campaign/Processed Data/Temperature_40C/DV_US06/60129.mat,Processed Data,40,DV_US06,variable-current drive-cycle discharge,60129,.mat,2128693,2.0 MB
A Dataset for Large Prismatic Lithium-Ion Battery Cells (CALB L148N58A) Comprehensive Characterization and Real-World Driving Cycles/CALB L148N58A testing campaign/Processed Data/Temperature_40C/DV_US06/59690.mat,Processed Data,40,DV_US06,variable-current drive-cycle discharge,59690,.mat,2132010,2.0 MB
A Dataset for Large Prismatic Lithium-Ion Battery Cells (CALB L148N58A) Comprehensive Characterization and Real-World Driving Cycles/CALB L148N58A testing campaign/Processed Data/Temperature_40C/DV_US06/60403.mat,Processed Data,40,DV_US06,variable-current drive-cycle discharge,60403,.mat,2073282,2.0 MB
A Dataset for Large Prismatic Lithium-Ion Battery Cells (CALB L148N58A) Comprehensive Characterization and Real-World Driving Cycles/CALB L148N58A testing campaign/Processed Data/Temperature_40C/DV_US06/60644.mat,Processed Data,40,DV_US06,variable-current drive-cycle discharge,60644,.mat,2144809,2.0 MB
A Dataset for Large Prismatic Lithium-Ion Battery Cells (CALB L148N58A) Comprehensive Characterization and Real-World Driving Cycles/CALB L148N58A testing campaign/Processed Data/Temperature_40C/DV_US06/59861.mat,Processed Data,40,DV_US06,variable-current drive-cycle discharge,59861,.mat,2141020,2.0 MB
A Dataset for Large Prismatic Lithium-Ion Battery Cells (CALB L148N58A) Comprehensive Characterization and Real-World Driving Cycles/CALB L148N58A testing campaign/Processed Data/Temperature_40C/DV_US06/60710.mat,Processed Data,40,DV_US06,variable-current drive-cycle discharge,60710,.mat,2094103,2.0 MB
A Dataset for Large Prismatic Lithium-Ion Battery Cells (CALB L148N58A) Comprehensive Characterization and Real-World Driving Cycles/CALB L148N58A testing campaign/Processed Data/Temperature_40C/DV_US06/60031.mat,Processed Data,40,DV_US06,variable-current drive-cycle discharge,60031,.mat,2113102,2.0 MB
A Dataset for Large Prismatic Lithium-Ion Battery Cells (CALB L148N58A) Comprehensive Characterization and Real-World Driving Cycles/CALB L148N58A testing campaign/Processed Data/Temperature_40C/DV_WLTP/59294.mat,Processed Data,40,DV_WLTP,variable-current drive-cycle discharge,59294,.mat,3801689,3.6 MB
A Dataset for Large Prismatic Lithium-Ion Battery Cells (CALB L148N58A) Comprehensive Characterization and Real-World Driving Cycles/CALB L148N58A testing campaign/Processed Data/Temperature_40C/DV_WLTP/59485.mat,Processed Data,40,DV_WLTP,variable-current drive-cycle discharge,59485,.mat,3803396,3.6 MB
A Dataset for Large Prismatic Lithium-Ion Battery Cells (CALB L148N58A) Comprehensive Characterization and Real-World Driving Cycles/CALB L148N58A testing campaign/Processed Data/Temperature_40C/DV_WLTP/60195.mat,Processed Data,40,DV_WLTP,variable-current drive-cycle discharge,60195,.mat,3797906,3.6 MB
A Dataset for Large Prismatic Lithium-Ion Battery Cells (CALB L148N58A) Comprehensive Characterization and Real-World Driving Cycles/CALB L148N58A testing campaign/Processed Data/Temperature_40C/DV_WLTP/60403.mat,Processed Data,40,DV_WLTP,variable-current drive-cycle discharge,60403,.mat,3772769,3.6 MB
A Dataset for Large Prismatic Lithium-Ion Battery Cells (CALB L148N58A) Comprehensive Characterization and Real-World Driving Cycles/CALB L148N58A testing campaign/Processed Data/Temperature_40C/DV_WLTP/60031.mat,Processed Data,40,DV_WLTP,variable-current drive-cycle discharge,60031,.mat,3759062,3.6 MB
A Dataset for Large Prismatic Lithium-Ion Battery Cells (CALB L148N58A) Comprehensive Characterization and Real-World Driving Cycles/CALB L148N58A testing campaign/Processed Data/Temperature_40C/DV_WLTP/60644.mat,Processed Data,40,DV_WLTP,variable-current drive-cycle discharge,60644,.mat,3794664,3.6 MB
A Dataset for Large Prismatic Lithium-Ion Battery Cells (CALB L148N58A) Comprehensive Characterization and Real-World Driving Cycles/CALB L148N58A testing campaign/Processed Data/Temperature_40C/DV_WLTP/59627.mat,Processed Data,40,DV_WLTP,variable-current drive-cycle discharge,59627,.mat,3745317,3.6 MB
A Dataset for Large Prismatic Lithium-Ion Battery Cells (CALB L148N58A) Comprehensive Characterization and Real-World Driving Cycles/CALB L148N58A testing campaign/Processed Data/Temperature_40C/DV_WLTP/59690.mat,Processed Data,40,DV_WLTP,variable-current drive-cycle discharge,59690,.mat,3808672,3.6 MB
A Dataset for Large Prismatic Lithium-Ion Battery Cells (CALB L148N58A) Comprehensive Characterization and Real-World Driving Cycles/CALB L148N58A testing campaign/Processed Data/Temperature_40C/DV_WLTP/60129.mat,Processed Data,40,DV_WLTP,variable-current drive-cycle discharge,60129,.mat,3745216,3.6 MB
A Dataset for Large Prismatic Lithium-Ion Battery Cells (CALB L148N58A) Comprehensive Characterization and Real-World Driving Cycles/CALB L148N58A testing campaign/Processed Data/Temperature_40C/DV_WLTP/59861.mat,Processed Data,40,DV_WLTP,variable-current drive-cycle discharge,59861,.mat,3797950,3.6 MB
A Dataset for Large Prismatic Lithium-Ion Battery Cells (CALB L148N58A) Comprehensive Characterization and Real-World Driving Cycles/CALB L148N58A testing campaign/Processed Data/Temperature_40C/DV_WLTP/60710.mat,Processed Data,40,DV_WLTP,variable-current drive-cycle discharge,60710,.mat,3750220,3.6 MB
A Dataset for Large Prismatic Lithium-Ion Battery Cells (CALB L148N58A) Comprehensive Characterization and Real-World Driving Cycles/CALB L148N58A testing campaign/Processed Data/Temperature_40C/EIS_test/59294.mat,Processed Data,40,EIS_test,measured impedance target,59294,.mat,4237,4.1 KB
A Dataset for Large Prismatic Lithium-Ion Battery Cells (CALB L148N58A) Comprehensive Characterization and Real-World Driving Cycles/CALB L148N58A testing campaign/Processed Data/Temperature_40C/EIS_test/59485.mat,Processed Data,40,EIS_test,measured impedance target,59485,.mat,4240,4.1 KB
A Dataset for Large Prismatic Lithium-Ion Battery Cells (CALB L148N58A) Comprehensive Characterization and Real-World Driving Cycles/CALB L148N58A testing campaign/Processed Data/Temperature_40C/EIS_test/60195.mat,Processed Data,40,EIS_test,measured impedance target,60195,.mat,4252,4.2 KB
A Dataset for Large Prismatic Lithium-Ion Battery Cells (CALB L148N58A) Comprehensive Characterization and Real-World Driving Cycles/CALB L148N58A testing campaign/Processed Data/Temperature_40C/EIS_test/60031.mat,Processed Data,40,EIS_test,measured impedance target,60031,.mat,4235,4.1 KB
A Dataset for Large Prismatic Lithium-Ion Battery Cells (CALB L148N58A) Comprehensive Characterization and Real-World Driving Cycles/CALB L148N58A testing campaign/Processed Data/Temperature_40C/EIS_test/59690.mat,Processed Data,40,EIS_test,measured impedance target,59690,.mat,4259,4.2 KB
A Dataset for Large Prismatic Lithium-Ion Battery Cells (CALB L148N58A) Comprehensive Characterization and Real-World Driving Cycles/CALB L148N58A testing campaign/Processed Data/Temperature_40C/EIS_test/59627.mat,Processed Data,40,EIS_test,measured impedance target,59627,.mat,4272,4.2 KB
A Dataset for Large Prismatic Lithium-Ion Battery Cells (CALB L148N58A) Comprehensive Characterization and Real-World Driving Cycles/CALB L148N58A testing campaign/Processed Data/Temperature_40C/EIS_test/60129.mat,Processed Data,40,EIS_test,measured impedance target,60129,.mat,4247,4.1 KB
A Dataset for Large Prismatic Lithium-Ion Battery Cells (CALB L148N58A) Comprehensive Characterization and Real-World Driving Cycles/CALB L148N58A testing campaign/Processed Data/Temperature_40C/EIS_test/60403.mat,Processed Data,40,EIS_test,measured impedance target,60403,.mat,4251,4.2 KB
A Dataset for Large Prismatic Lithium-Ion Battery Cells (CALB L148N58A) Comprehensive Characterization and Real-World Driving Cycles/CALB L148N58A testing campaign/Processed Data/Temperature_40C/EIS_test/59861.mat,Processed Data,40,EIS_test,measured impedance target,59861,.mat,4269,4.2 KB
A Dataset for Large Prismatic Lithium-Ion Battery Cells (CALB L148N58A) Comprehensive Characterization and Real-World Driving Cycles/CALB L148N58A testing campaign/Processed Data/Temperature_40C/EIS_test/60644.mat,Processed Data,40,EIS_test,measured impedance target,60644,.mat,4260,4.2 KB
A Dataset for Large Prismatic Lithium-Ion Battery Cells (CALB L148N58A) Comprehensive Characterization and Real-World Driving Cycles/CALB L148N58A testing campaign/Processed Data/Temperature_40C/EIS_test/60710.mat,Processed Data,40,EIS_test,measured impedance target,60710,.mat,4244,4.1 KB
A Dataset for Large Prismatic Lithium-Ion Battery Cells (CALB L148N58A) Comprehensive Characterization and Real-World Driving Cycles/CALB L148N58A testing campaign/Processed Data/Temperature_40C/HPPC_1C/59294.mat,Processed Data,40,HPPC_1C,RPT-like pulse characterization,59294,.mat,1607765,1.5 MB
A Dataset for Large Prismatic Lithium-Ion Battery Cells (CALB L148N58A) Comprehensive Characterization and Real-World Driving Cycles/CALB L148N58A testing campaign/Processed Data/Temperature_40C/HPPC_1C/59485.mat,Processed Data,40,HPPC_1C,RPT-like pulse characterization,59485,.mat,1635225,1.6 MB
A Dataset for Large Prismatic Lithium-Ion Battery Cells (CALB L148N58A) Comprehensive Characterization and Real-World Driving Cycles/CALB L148N58A testing campaign/Processed Data/Temperature_40C/HPPC_1C/59690.mat,Processed Data,40,HPPC_1C,RPT-like pulse characterization,59690,.mat,1627720,1.6 MB
A Dataset for Large Prismatic Lithium-Ion Battery Cells (CALB L148N58A) Comprehensive Characterization and Real-World Driving Cycles/CALB L148N58A testing campaign/Processed Data/Temperature_40C/HPPC_1C/60129.mat,Processed Data,40,HPPC_1C,RPT-like pulse characterization,60129,.mat,1576545,1.5 MB
A Dataset for Large Prismatic Lithium-Ion Battery Cells (CALB L148N58A) Comprehensive Characterization and Real-World Driving Cycles/CALB L148N58A testing campaign/Processed Data/Temperature_40C/HPPC_1C/59861.mat,Processed Data,40,HPPC_1C,RPT-like pulse characterization,59861,.mat,1613261,1.5 MB
A Dataset for Large Prismatic Lithium-Ion Battery Cells (CALB L148N58A) Comprehensive Characterization and Real-World Driving Cycles/CALB L148N58A testing campaign/Processed Data/Temperature_40C/HPPC_1C/59627.mat,Processed Data,40,HPPC_1C,RPT-like pulse characterization,59627,.mat,1577351,1.5 MB
A Dataset for Large Prismatic Lithium-Ion Battery Cells (CALB L148N58A) Comprehensive Characterization and Real-World Driving Cycles/CALB L148N58A testing campaign/Processed Data/Temperature_40C/HPPC_1C/60195.mat,Processed Data,40,HPPC_1C,RPT-like pulse characterization,60195,.mat,1615709,1.5 MB
A Dataset for Large Prismatic Lithium-Ion Battery Cells (CALB L148N58A) Comprehensive Characterization and Real-World Driving Cycles/CALB L148N58A testing campaign/Processed Data/Temperature_40C/HPPC_1C/60710.mat,Processed Data,40,HPPC_1C,RPT-like pulse characterization,60710,.mat,1574191,1.5 MB
A Dataset for Large Prismatic Lithium-Ion Battery Cells (CALB L148N58A) Comprehensive Characterization and Real-World Driving Cycles/CALB L148N58A testing campaign/Processed Data/Temperature_40C/HPPC_1C/60403.mat,Processed Data,40,HPPC_1C,RPT-like pulse characterization,60403,.mat,1594536,1.5 MB
A Dataset for Large Prismatic Lithium-Ion Battery Cells (CALB L148N58A) Comprehensive Characterization and Real-World Driving Cycles/CALB L148N58A testing campaign/Processed Data/Temperature_40C/HPPC_1C/60644.mat,Processed Data,40,HPPC_1C,RPT-like pulse characterization,60644,.mat,1607423,1.5 MB
A Dataset for Large Prismatic Lithium-Ion Battery Cells (CALB L148N58A) Comprehensive Characterization and Real-World Driving Cycles/CALB L148N58A testing campaign/Processed Data/Temperature_40C/HPPC_1C/60031.mat,Processed Data,40,HPPC_1C,RPT-like pulse characterization,60031,.mat,1577623,1.5 MB
A Dataset for Large Prismatic Lithium-Ion Battery Cells (CALB L148N58A) Comprehensive Characterization and Real-World Driving Cycles/CALB L148N58A testing campaign/Processed Data/Temperature_40C/HPPC_C3/59294.mat,Processed Data,40,HPPC_C3,RPT-like pulse characterization,59294,.mat,1706709,1.6 MB
A Dataset for Large Prismatic Lithium-Ion Battery Cells (CALB L148N58A) Comprehensive Characterization and Real-World Driving Cycles/CALB L148N58A testing campaign/Processed Data/Temperature_40C/HPPC_C3/59485.mat,Processed Data,40,HPPC_C3,RPT-like pulse characterization,59485,.mat,1735870,1.7 MB
A Dataset for Large Prismatic Lithium-Ion Battery Cells (CALB L148N58A) Comprehensive Characterization and Real-World Driving Cycles/CALB L148N58A testing campaign/Processed Data/Temperature_40C/HPPC_C3/59627.mat,Processed Data,40,HPPC_C3,RPT-like pulse characterization,59627,.mat,1667338,1.6 MB
A Dataset for Large Prismatic Lithium-Ion Battery Cells (CALB L148N58A) Comprehensive Characterization and Real-World Driving Cycles/CALB L148N58A testing campaign/Processed Data/Temperature_40C/HPPC_C3/59690.mat,Processed Data,40,HPPC_C3,RPT-like pulse characterization,59690,.mat,1728452,1.6 MB
A Dataset for Large Prismatic Lithium-Ion Battery Cells (CALB L148N58A) Comprehensive Characterization and Real-World Driving Cycles/CALB L148N58A testing campaign/Processed Data/Temperature_40C/HPPC_C3/59861.mat,Processed Data,40,HPPC_C3,RPT-like pulse characterization,59861,.mat,1705685,1.6 MB
A Dataset for Large Prismatic Lithium-Ion Battery Cells (CALB L148N58A) Comprehensive Characterization and Real-World Driving Cycles/CALB L148N58A testing campaign/Processed Data/Temperature_40C/HPPC_C3/60031.mat,Processed Data,40,HPPC_C3,RPT-like pulse characterization,60031,.mat,1672157,1.6 MB
A Dataset for Large Prismatic Lithium-Ion Battery Cells (CALB L148N58A) Comprehensive Characterization and Real-World Driving Cycles/CALB L148N58A testing campaign/Processed Data/Temperature_40C/HPPC_C3/60129.mat,Processed Data,40,HPPC_C3,RPT-like pulse characterization,60129,.mat,1669403,1.6 MB
A Dataset for Large Prismatic Lithium-Ion Battery Cells (CALB L148N58A) Comprehensive Characterization and Real-World Driving Cycles/CALB L148N58A testing campaign/Processed Data/Temperature_40C/HPPC_C3/60403.mat,Processed Data,40,HPPC_C3,RPT-like pulse characterization,60403,.mat,1684440,1.6 MB
A Dataset for Large Prismatic Lithium-Ion Battery Cells (CALB L148N58A) Comprehensive Characterization and Real-World Driving Cycles/CALB L148N58A testing campaign/Processed Data/Temperature_40C/HPPC_C3/60195.mat,Processed Data,40,HPPC_C3,RPT-like pulse characterization,60195,.mat,1709641,1.6 MB
A Dataset for Large Prismatic Lithium-Ion Battery Cells (CALB L148N58A) Comprehensive Characterization and Real-World Driving Cycles/CALB L148N58A testing campaign/Processed Data/Temperature_40C/HPPC_C3/60644.mat,Processed Data,40,HPPC_C3,RPT-like pulse characterization,60644,.mat,1698874,1.6 MB
A Dataset for Large Prismatic Lithium-Ion Battery Cells (CALB L148N58A) Comprehensive Characterization and Real-World Driving Cycles/CALB L148N58A testing campaign/Processed Data/Temperature_40C/HPPC_C3/60710.mat,Processed Data,40,HPPC_C3,RPT-like pulse characterization,60710,.mat,1661291,1.6 MB
